risk,level,dbSNP,Alleles
Alc_risk,較高風險,rs671,A/A
Alc_risk,中度風險,rs671,G/A
Alc_risk,未檢出異常,rs671,G/G
Obes_risk,較高風險,rs9939609,A/A
Obes_risk,較高風險,rs3751812,T/T
Obes_risk,較高風險,rs1421085,C/C
Obes_risk,較高風險,rs17817449,G/G
Obes_risk,較高風險,rs1121980,A/A
Obes_risk,中度風險,rs9939609,T/A
Obes_risk,中度風險,rs3751812,G/T
Obes_risk,中度風險,rs1421085,T/C
Obes_risk,中度風險,rs17817449,T/G
Obes_risk,中度風險,rs1121980,G/A
Obes_risk,未檢出異常,rs9939609,T/T
Obes_risk,未檢出異常,rs3751812,G/G
Obes_risk,未檢出異常,rs1421085,T/T
Obes_risk,未檢出異常,rs17817449,T/T
Obes_risk,未檢出異常,rs1121980,G/G
ABCG2_risk,較高風險,rs2231142,T/T
ABCG2_risk,中度風險,rs2231142,G/T
ABCG2_risk,未檢出異常,rs2231142,G/G
HBB_risk,較高風險,rs34451549,A/A
HBB_risk,較高風險,rs80356821,-/-
HBB_risk,較高風險,rs281864900,-/-
HBB_risk,較高風險,rs63750783,T/T
HBB_risk,中度風險,rs34451549,G/A
HBB_risk,中度風險,rs80356821,AGAA/-
HBB_risk,中度風險,rs281864900,AAAG/-
HBB_risk,中度風險,rs63750783,C/T
HBB_risk,未檢出異常,rs34451549,G/G
HBB_risk,未檢出異常,rs80356821,AGAA/AGAA
HBB_risk,未檢出異常,rs281864900,AAAG/AAAG
HBB_risk,未檢出異常,rs63750783,C/C
CADASIL_risk,較高風險,rs201118034,A/A
CADASIL_risk,中度風險,rs201118034,G/A
CADASIL_risk,未檢出異常,rs201118034,G/G
TPMT_risk,較高風險,rs1142345,C/C
TPMT_risk,中度風險,rs1142345,T/C
TPMT_risk,未檢出異常,rs1142345,T/T
FH_risk,較高風險,rs769446356,T/T
FH_risk,中度風險,rs769446356,A/T
FH_risk,未檢出異常,rs769446356,A/A
MODY_risk,較高風險,rs267607196,T/T
MODY_risk,中度風險,rs267607196,C/T
MODY_risk,未檢出異常,rs267607196,C/C
CYP2C19_risk,較高風險,rs4244285,A/A
CYP2C19_risk,中度風險,rs4244285,G/A
CYP2C19_risk,未檢出異常,rs4244285,G/G